{"scope.version":"2","timeline.animationMode":"quickMode","viewport.width":750,"viewport.height":1334,"design.userpaddingleft":-750,"design.userpaddingtop":-1334,"design.scrollleft":552,"design.scrolltop":1340.800048828125,"library.openDirectories":[],"library.GroupsPath":{},"library.downloadedAssets":{},"design.zoom":0.401877572016461,"tool.text.optionsState":{"fontName":"Arial","fontSize":"43px","fontWeight":"bold","fontStyle":"normal","alignLeft":true,"alignCenter":false,"alignRight":false,"alignJustify":false,"verticalAlignCenter":false,"foreColor":"rgb(244, 244, 248)","tagName":"span","orderedList":false,"unorderedList":false}}