{"scope.version":"2","timeline.animationMode":"quickMode","viewport.width":750,"viewport.height":1334,"design.userpaddingleft":-750,"design.userpaddingtop":-1334,"design.scrollleft":532.7999877929688,"design.scrolltop":1272.800048828125,"library.openDirectories":[],"library.GroupsPath":{},"library.downloadedAssets":{},"design.zoom":0.48225308641975323,"tool.text.optionsState":{"fontName":"Arial Black","fontSize":"16px","fontWeight":"normal","fontStyle":"normal","alignLeft":true,"alignCenter":false,"alignRight":false,"alignJustify":false,"verticalAlignCenter":false,"foreColor":"rgb(0, 0, 0)","tagName":"span","orderedList":false,"unorderedList":false}}