{"scope.version":"2","timeline.animationMode":"quickMode","viewport.width":750,"viewport.height":1334,"design.userpaddingleft":-750,"design.userpaddingtop":-1334,"design.scrollleft":620.7999877929688,"design.scrolltop":1253.5999755859375,"library.openDirectories":[],"library.GroupsPath":{},"library.downloadedAssets":{},"design.zoom":0.401877572016461,"tool.text.optionsState":{"fontName":"Arial Black","fontSize":"40px","fontWeight":"normal","fontStyle":"normal","alignLeft":true,"alignCenter":false,"alignRight":false,"alignJustify":false,"verticalAlignCenter":false,"foreColor":"rgb(250, 250, 250)","tagName":"span","orderedList":false,"unorderedList":false}}